Başlık,Etiketler,Tarih
tr-25-0301-wordpress-eklenti-gvenlik-bildirimi,wordpress,2025-09-26 12:33:09.371116
tr-25-0299-zenitel-gvenlik-bildirimi,allows,2025-09-26 06:24:45.420256
tr-25-0295-google-chrome-gvenlik-bildirimi,chrome,2025-09-25 08:33:22.701284
tr-25-0294-qualcomm-oklu-rn-gvenlik-bildirimi,rtp,2025-09-25 08:24:40.418506
tr-25-0292-blackmagic-design-gvenlik-bildirimi,blackmagic,2025-09-23 14:15:43.970449
tr-25-0291-flowise-gvenlik-zafiyeti,flowise,2025-09-23 13:59:46.449932
tr-25-0290-solarwinds-gvenlik-bildirimi,solarwinds,2025-09-23 13:57:02.617131
tr-25-0289-wordpress-eklenti-gvenlik-bildirimi,wordpress,2025-09-23 13:56:08.417821
tr-25-0277-fortra-goanywhere-mft-gvenlik-bildirimi,goanywhere,2025-09-19 08:24:49.490909
tr-25-0276-wordpress-eklenti-gvenlik-bildirimi,wordpress,2025-09-19 08:21:22.454029
tr-25-0275-nvidia-gvenlik-zafiyeti,neuvector,2025-09-19 08:06:38.895867
tr-25-0266-bmc-gvenlik-bildirimi,control-m-agent,2025-09-17 08:55:30.417742
tr-25-0265-siklu-gvenlik-bildirimi,siklu,2025-09-17 08:43:02.161062
tr-25-0264-apple-oklu-rn-gvenlik-bildirimi,macos,2025-09-17 08:27:21.488966
tr-25-0263-totolink-x6000r-gvenlik-bildirimi,totolink,2025-09-17 08:16:06.147106
tr-25-0262-tenda-ac1206-gvenlik-bildirimi,tenda,2025-09-17 08:08:56.052437
tr-25-0248-flowise-gvenlik-zafiyeti,flowise,2025-09-15 08:22:54.567373
tr-25-0247-mercury-gvenlik-zafiyeti,mercury,2025-09-15 07:28:50.61513
tr-25-0246-wordpress-eklenti-gvenlik-bildirimi,wordpress,2025-09-12 12:32:01.959826
tr-25-0245-delta-electronics-dialink-gvenlik-bildirimi,delta,2025-09-12 12:29:47.685023
tr-25-0244-axxonsoft-gvenlik-bildirimi,axxonsoft,2025-09-12 12:27:39.501551
tr-25-0243-xen-project-gvenlik-bildirimi,xen,2025-09-12 12:21:50.95454
tr-25-0242-bootrom-gvenlik-zafiyeti,bootrom,2025-09-12 08:27:52.809806
tr-25-0241-qualcomm-gvenlik-zafiyeti,fdl1,2025-09-12 08:23:31.434348
tr-25-0240-pdq-gvenlik-bildirimi,pdq,2025-09-12 08:18:42.238016
tr-25-0239-ubiquiti-gvenlik-bildirimi,uisp,2025-09-12 08:15:52.424433
tr-25-0238-dell-gvenlik-bildirimi,dell,2025-09-12 06:50:55.117331
tr-25-0237-ibm-gvenlik-bildirimi,ibm,2025-09-12 06:42:39.772316
tr-25-0236-directus-gvenlik-zafiyeti,directus,2025-09-12 06:24:16.346804
tr-25-0235-sophos-gvenlik-bildirimi,sophos,2025-09-11 14:27:12.011982
tr-25-0234-ptzoptics-oklu-rn-gvenlik-bidirimi,ptzoptics,2025-09-11 11:32:44.409335
tr-25-0233-adobe-oklu-rn-gvenlik-bildirimi,coldfusion,2025-09-11 08:51:38.305927
tr-25-0232-d-link-oklu-rn-gvenlik-bildirimi,d-link,2025-09-11 08:48:52.958163
tr-25-0231-siemens-gvenlik-bildirimi,simatic,2025-09-11 08:33:04.276372
tr-25-0230-wordpress-eklenti-gvenlik-bildirimi,wordpress,2025-09-11 06:59:36.430721
tr-25-0229-sitecore-gvenlik-bildirimi,sitecore,2025-09-10 14:31:13.412223
tr-25-0228-salesforce-gvenlik-bildirimi,salesforce,2025-09-10 14:22:47.834872
tr-25-0227-mitsubishi-electric-gvenlik-bildirimi,mitsubishi,2025-09-10 14:04:37.945126
tr-25-0226-solarwinds-gvenlik-bildirimi,solarwinds,2025-09-10 13:57:04.356932
tr-25-0225-grafana-gvenlik-bildirimi,grafana,2025-09-10 13:50:15.41621
tr-25-0224-xwiki-gvenlik-bildirimi,xwiki,2025-09-10 12:42:07.647768
tr-25-0223-sap-netweaver-gvenlik-bildirimi,netweaver,2025-09-10 12:08:31.201669
tr-25-0222-microsoft-oklu-rn-gvenlik-bildirimi,microsoft,2025-09-10 12:04:42.104078
tr-25-0221-wordpress-eklenti-gvenlik-bildirimi,wordpress,2025-09-10 12:00:50.767691
tr-25-0220-spamtitan-gvenlik-bildirimi,spamtitan,2025-09-10 07:59:08.966258
tr-25-0219-solarwinds-gvenlik-bildirimi,solarwinds,2025-09-09 08:58:28.832352
tr-25-0218-citrix-netscaler-gvenlik-bildirimi,netscaler,2025-09-09 08:35:22.53226
tr-25-0217-microsoft-azure-gvenlik-bildirimi,azure,2025-09-09 08:31:26.693882
tr-25-0216-ruijie-gvenlik-zafiyeti,ruijie,2025-09-09 08:29:57.875854
tr-25-0215-trendnet-gvenlik-bildirimi,trendnet,2025-09-09 07:30:41.251386
tr-25-0214-ubiquiti-unifi-gvenlik-bildirimi,unifi,2025-09-09 07:06:27.191956
tr-25-0213-securdan-unified-pam-gvenlik-bildirimi,pam,2025-09-08 14:38:04.59944
tr-25-0212-google-oklu-rn-gvenlik-bildirimi,google,2025-09-08 12:43:41.783082
tr-25-0211-wordpress-eklenti-gvenlik-bildirimi,wordpress,2025-09-08 12:34:31.381812
tr-25-0210-tenda-oklu-rn-gvenlik-bildirimi,tenda,2025-09-08 12:30:13.029533
tr-25-0200-wordpress-eklenti-gvenlik-bildirimi,wordpress,2025-08-19 11:15:55.168473
tr-25-0199-wordpress-eklenti-gvenlik-bildirimi,wordpress,2025-08-18 07:51:31.730712
tr-25-0197-wordpress-eklenti-gvenlik-bildirimi,wordpress,2025-08-15 11:10:06.456658
tr-25-0196-cisco-fmc-gvenlik-bildirimi,cisco,2025-08-15 08:23:26.702593
tr-25-0195-instar-gvenlik-zafiyeti,instar,2025-08-14 07:50:07.33769
tr-25-0194-totolink-oklu-rn-gvenlik-bildirimi,totolink,2025-08-14 07:38:51.279902
tr-25-0193-wordpress-eklenti-gvenlik-bildirimi,wordpress,2025-08-14 07:29:35.702274
tr-25-0192-microsoft-oklu-rn-gvenlik-bildirimi,microsoft,2025-08-13 06:33:12.406955
tr-25-0191-siemens-gvenlik-bildirimi,simatic,2025-08-13 06:29:24.666733
tr-25-0190-sap-oklu-rn-gvenlik-bildirimi,sap,2025-08-12 07:37:32.742479
tr-25-0189-belkin-gvenlik-zafiyeti,belkin,2025-08-11 07:25:04.583527
tr-25-0188-microsoft-azure-gvenlik-bildirimi,azure,2025-08-08 07:35:19.493545
tr-25-0187-adobe-experience-manager-gvenlik-bildirimi-,experience,2025-08-06 07:33:49.087042
tr-25-0186-wordpress-eklenti-gvenlik-bildirimi,wordpress,2025-08-06 07:31:55.336636
tr-25-0185-wordpress-eklenti-gvenlik-bildirimi,wordpress,2025-08-04 07:26:19.82891
tr-25-0184-jetbrains-teamcity-gvenlik-bildirimi,jetbrains,2025-08-01 10:41:32.520532
tr-25-0183-wordpress-eklenti-gvenlik-bildirimi,wordpress,2025-08-01 10:36:45.183443
tr-25-0179-wordpress-eklenti-gvenlik-bildirimi,wordpress,2025-07-28 10:50:28.753247
tr-25-0177-wordpress-eklenti-gvenlik-bildirimi,wordpress,2025-07-25 07:47:08.380225
tr-25-0173-weidmueller-gvenlik-zafiyeti,unauthenticated,2025-07-24 12:01:30.605826
tr-25-0172-wordpress-eklenti-gvenlik-bildirimi,wordpress,2025-07-24 11:26:58.547781
tr-25-0170-wordpress-eklenti-gvenlik-bildirimi,wordpress,2025-07-23 08:44:03.200086
tr-25-0167-wordpress-eklenti-gvenlik-bildirimi,wordpress,2025-07-22 11:08:39.113877
tr-25-0162-microsoft-sharepoint-gvenlik-bildirimi,sharepoint,2025-07-21 08:01:48.1272
tr-25-0161-microsoft-azure-gvenlik-bildirimi,azure,2025-07-21 08:00:57.39886
tr-25-0160-wordpress-eklenti-gvenlik-bildirimi,wordpress,2025-07-21 07:55:27.277179
tr-25-0158-wordpress-eklenti-gvenlik-bildirimi,wordpress,2025-07-18 11:30:56.056063
tr-25-0157-zyxel-vmg8825-t50k-gvenlik-bildirimi-,zyxel,2025-07-17 11:11:58.339924
tr-25-0156-oracle-gvenlik-bildirimi,oracle,2025-07-17 09:13:57.178254
tr-25-0155-cisco-ise-gvenlik-bildirimi,ise,2025-07-17 09:11:01.948907
tr-25-0154-wordpress-eklenti-gvenlik-bildirimi,wordpress,2025-07-17 09:07:31.567533
tr-25-0153-lb-link-router-gvenlik-zafiyeti,lb-link,2025-07-14 11:31:14.54547
tr-25-0152-juniper-junos-os-gvenlik-bildirimi,juniper,2025-07-14 11:29:11.225661
tr-25-0151-wordpress-eklenti-gvenlik-bildirimi,wordpress,2025-07-14 09:31:02.939959
tr-25-0150-wordpress-eklenti-gvenlik-bildirimi,wordpress,2025-07-11 14:19:39.730144
tr-25-0149-sap-oklu-rn-gvenlik-bildirimi,sap,2025-07-09 08:34:51.406291
tr-25-0148-wordpress-eklenti-gvenlik-bildirimi,wordpress,2025-07-09 08:32:36.203743
tr-25-0147-wordpress-eklenti-gvenlik-bildirimi,wordpress,2025-07-04 14:18:13.359369
tr-25-0146-wordpress-eklenti-gvenlik-bildirimi,wordpress,2025-07-02 07:09:47.499228
tr-25-0145-industrialpi-gvenlik-zafiyeti,industrialpi,2025-07-02 07:08:48.853051
